{
  "version": 2,
  "location": "mod_id:component_id",
  "traits": {},
  "properties": {
    "rotationState": "ALL",
    "showInJei": true,
    "isOpaque": true,
    "hasCollision": true,
    "destroyTime": 1.5,
    "explosionResistance": 10.0,
    "harvestLevel": 1,
    "stackSize": 64,
    "tabGroup": "multiblocked"
  },
  "status": {
    "unformed": {
      "renderer": {
        "state": {
          "id": "gregtech:metal_casing_tungsten_titanium_carbide",
          "meta": 0
        },
        "type": "blockstate"
      }
    },
    "idle": {
      "parent": "unformed"
    },
    "working": {
      "parent": "idle"
    },
    "suspend": {
      "parent": "working"
    }
  },
  "recipeMap": "faadc353-598e-412f-9bff-09f4aadbfff5",
  "basePattern": {
    "structureDir": [
      "BACK",
      "RIGHT",
      "UP"
    ],
    "pattern": [
      [
        "AAA",
        "@AA",
        "AAA"
      ],
      [
        "BBB",
        "B B",
        "BBB"
      ],
      [
        "AAA",
        "AAA",
        "AAA"
      ]
    ],
    "aisleRepetitions": [
      [
        1,
        1
      ],
      [
        2,
        10
      ],
      [
        1,
        1
      ]
    ],
    "predicates": {
      "A": {
        "states": [
          {
            "id": "gregtech:metal_casing_tungsten_titanium_carbide",
            "meta": 0
          }
        ],
        "type": "states"
      },
      "controller": {
        "location": "mod_id:component_id",
        "type": "component"
      },
      "B": {
        "states": [
          {
            "id": "gregtech:wire_coil",
            "meta": 8
          },
          {
            "id": "gtadditions:ga_fusion_casing",
            "meta": 2
          }
        ],
        "type": "states",
        "minCount": 18,
        "maxCount": 18
      },
      "any": {
        "type": "any"
      }
    },
    "symbolMap": {
      "@": [
        "controller"
      ],
      " ": [
        "any"
      ],
      "A": [
        "A"
      ],
      "B": [
        "B"
      ]
    }
  }
}